{"cameraMode":{"drawMode":0,"name":"Shaded","section":"Shading Mode"},"sceneLighting":false,"audioPlay":false,"sceneViewState":{"m_AlwaysRefresh":false,"showFog":true,"showSkybox":false,"showFlares":true,"showImageEffects":true,"showParticleSystems":true,"showVisualEffectGraphs":true,"m_FxEnabled":true},"in2DMode":false,"pivot":{"x":-0.10178160667419434,"y":0.9764451384544373,"z":-0.15103977918624879},"rotation":{"x":0.021912476047873498,"y":0.9291645884513855,"z":-0.05581679940223694,"w":0.36479243636131289},"size":1.4094350337982178,"orthographic":true}