{"cameraMode":{"drawMode":0,"name":"Shaded","section":"Shading Mode"},"sceneLighting":false,"audioPlay":false,"sceneViewState":{"m_AlwaysRefresh":false,"showFog":true,"showSkybox":false,"showFlares":true,"showImageEffects":true,"showParticleSystems":true,"showVisualEffectGraphs":true,"m_FxEnabled":true},"in2DMode":false,"pivot":{"x":0.015791654586791993,"y":1.0284273624420167,"z":-0.06848090887069702},"rotation":{"x":0.015312658622860909,"y":0.9525805711746216,"z":-0.04862358421087265,"w":0.30001285672187807},"size":1.4101052284240723,"orthographic":true}