{"cameraMode":{"drawMode":0,"name":"Shaded","section":"Shading Mode"},"sceneLighting":false,"audioPlay":false,"sceneViewState":{"m_AlwaysRefresh":false,"showFog":true,"showSkybox":false,"showFlares":true,"showImageEffects":true,"showParticleSystems":true,"showVisualEffectGraphs":true,"m_FxEnabled":true},"in2DMode":false,"pivot":{"x":-0.46122902631759646,"y":1.3978352546691895,"z":0.6288975477218628},"rotation":{"x":-0.036776136606931689,"y":0.9622513055801392,"z":-0.21145249903202058,"w":-0.16735626757144929},"size":0.7898368239402771,"orthographic":false}