{"cameraMode":{"drawMode":0,"name":"Shaded","section":"Shading Mode"},"sceneLighting":true,"audioPlay":false,"sceneViewState":{"m_AlwaysRefresh":false,"showFog":true,"showSkybox":true,"showFlares":true,"showImageEffects":true,"showParticleSystems":true,"showVisualEffectGraphs":true,"m_FxEnabled":true},"in2DMode":false,"pivot":{"x":479.6964416503906,"y":3.5460140705108644,"z":501.4964904785156},"rotation":{"x":0.019361620768904687,"y":0.9794515371322632,"z":-0.11511873453855515,"w":0.1646588295698166},"size":3.890476942062378,"orthographic":true}