{"cameraMode":{"drawMode":0,"name":"Shaded","section":"Shading Mode"},"sceneLighting":false,"audioPlay":false,"sceneViewState":{"m_AlwaysRefresh":false,"showFog":true,"showSkybox":false,"showFlares":true,"showImageEffects":true,"showParticleSystems":true,"showVisualEffectGraphs":true,"m_FxEnabled":true},"in2DMode":false,"pivot":{"x":-0.12109141051769257,"y":0.3640223741531372,"z":0.04483628273010254},"rotation":{"x":-0.015705285593867303,"y":0.30553677678108218,"z":-0.0050532277673482899,"w":-0.9520626664161682},"size":0.5605664849281311,"orthographic":true}