{"cameraMode":{"drawMode":0,"name":"Shaded","section":"Shading Mode"},"sceneLighting":false,"audioPlay":false,"sceneViewState":{"m_AlwaysRefresh":false,"showFog":true,"showSkybox":false,"showFlares":true,"showImageEffects":true,"showParticleSystems":true,"showVisualEffectGraphs":true,"m_FxEnabled":true},"in2DMode":false,"pivot":{"x":0.06503355503082276,"y":1.0313650369644166,"z":-0.308218389749527},"rotation":{"x":0.0284658744931221,"y":0.9306057095527649,"z":-0.07413940876722336,"w":0.35732632875442507},"size":1.344910979270935,"orthographic":true}