{"cameraMode":{"drawMode":0,"name":"Shaded","section":"Shading Mode"},"sceneLighting":false,"audioPlay":false,"sceneViewState":{"m_AlwaysRefresh":false,"showFog":true,"showSkybox":false,"showFlares":true,"showImageEffects":true,"showParticleSystems":true,"showVisualEffectGraphs":true,"m_FxEnabled":true},"in2DMode":false,"pivot":{"x":0.1672022044658661,"y":0.01982680708169937,"z":0.11941416561603546},"rotation":{"x":-0.00040544173680245876,"y":0.9992067217826843,"z":-0.038987547159194949,"w":-0.01075035147368908},"size":0.6245394945144653,"orthographic":true}